name,email,organization_website,password
Liam Scott,liam.scott@email.com,https://cluely.ai,wC8@tPh3rJxZ
Ava Green,ava.green@email.com,https://cluely.ai,Q7r!vXp9Ld#N
Noah Adams,noah.adams@email.com,https://cluely.ai,Zp2^eFs6wHq@
Isabella Baker,isabella.baker@email.com,https://cluely.ai,jT5$mVk2qBn!
Mason Nelson,mason.nelson@email.com,https://cluely.ai,Gx1@zLp8nR#E
Charlotte Carter,charlotte.carter@email.com,https://cluely.ai,Vr6!yPd4tK#o
Elijah Mitchell,elijah.mitchell@email.com,https://cluely.ai,bH7%uNa9cQ!x
Amelia Perez,amelia.perez@email.com,https://cluely.ai,Rd4@jTw6pL$z
Benjamin Roberts,benjamin.roberts@email.com,https://cluely.ai,Fy8!sBn3qK#v
Harper Turner,harper.turner@email.com,https://cluely.ai,Ln9#dXe2wH$y
Lucas Phillips,lucas.phillips@email.com,https://cluely.ai,Ca3@tVh7zP!m
Evelyn Campbell,evelyn.campbell@email.com,https://cluely.ai,Ke5!nQp4wT#r
Logan Parker,logan.parker@email.com,https://cluely.ai,Tg2%zRb9lJ@f
Mia Evans,mia.evans@email.com,https://cluely.ai,Sj4!hXc8pW#q
Jackson Edwards,jackson.edwards@email.com,https://cluely.ai,Hx3@tKv6nD!p

